Negative sentiment,Positive sentiment
Liu et al. (2005),Liu et al. (2005)
abnormal,a+
abolish,abound
abominable,abounds
abominably,abundance
abominate,abundant
abomination,accessable
abort,accessible
aborted,acclaim
aborts,acclaimed
abrade,acclamation
abrasive,accolade
abrupt,accolades
abruptly,accommodative
abscond,accomodative
absence,accomplish
absent-minded,accomplished
absentee,accomplishment
absurd,accomplishments
absurdity,accurate
absurdly,accurately
absurdness,achievable
abuse,achievement
abused,achievements
abuses,achievible
abusive,acumen
abysmal,adaptable
abysmally,adaptive
abyss,adequate
accidental,adjustable
accost,admirable
accursed,admirably
accusation,admiration
accusations,admire
accuse,admirer
accuses,admiring
accusing,admiringly
accusingly,adorable
acerbate,adore
acerbic,adored
acerbically,adorer
ache,adoring
ached,adoringly
aches,adroit
achey,adroitly
aching,adulate
acrid,adulation
acridly,adulatory
acridness,advanced
acrimonious,advantage
acrimoniously,advantageous
acrimony,advantageously
adamant,advantages
adamantly,adventuresome
addict,adventurous
addicted,advocate
addicting,advocated
addicts,advocates
admonish,affability
admonisher,affable
admonishingly,affably
admonishment,affectation
admonition,affection
adulterate,affectionate
adulterated,affinity
adulteration,affirm
adulterier,affirmation
adversarial,affirmative
adversary,affluence
adverse,affluent
adversity,afford
afflict,affordable
affliction,affordably
afflictive,afordable
affront,agile
afraid,agilely
aggravate,agility
aggravating,agreeable
aggravation,agreeableness
aggression,agreeably
aggressive,all-around
aggressiveness,alluring
aggressor,alluringly
aggrieve,altruistic
aggrieved,altruistically
aggrivation,amaze
aghast,amazed
agonies,amazement
agonize,amazes
agonizing,amazing
agonizingly,amazingly
agony,ambitious
aground,ambitiously
ail,ameliorate
ailing,amenable
ailment,amenity
aimless,amiability
alarm,amiabily
alarmed,amiable
alarming,amicability
alarmingly,amicable
alienate,amicably
alienated,amity
alienation,ample
allegation,amply
allegations,amuse
allege,amusing
allergic,amusingly
allergies,angel
allergy,angelic
aloof,apotheosis
altercation,appeal
ambiguity,appealing
ambiguous,applaud
ambivalence,appreciable
ambivalent,appreciate
ambush,appreciated
amiss,appreciates
amputate,appreciative
anarchism,appreciatively
anarchist,appropriate
anarchistic,approval
anarchy,approve
anemic,ardent
anger,ardently
angrily,ardor
angriness,articulate
angry,aspiration
anguish,aspirations
animosity,aspire
annihilate,assurance
annihilation,assurances
annoy,assure
annoyance,assuredly
annoyances,assuring
annoyed,astonish
annoying,astonished
annoyingly,astonishing
annoys,astonishingly
anomalous,astonishment
anomaly,astound
antagonism,astounded
antagonist,astounding
antagonistic,astoundingly
antagonize,astutely
anti-,attentive
anti-american,attraction
anti-israeli,attractive
anti-occupation,attractively
anti-proliferation,attune
anti-semites,audible
anti-social,audibly
anti-us,auspicious
anti-white,authentic
antipathy,authoritative
antiquated,autonomous
antithetical,available
anxieties,aver
anxiety,avid
anxious,avidly
anxiously,award
anxiousness,awarded
apathetic,awards
apathetically,awe
apathy,awed
apocalypse,awesome
apocalyptic,awesomely
apologist,awesomeness
apologists,awestruck
appal,awsome
appall,backbone
appalled,balanced
appalling,bargain
appallingly,beauteous
apprehension,beautiful
apprehensions,beautifullly
apprehensive,beautifully
apprehensively,beautify
arbitrary,beauty
arcane,beckon
archaic,beckoned
arduous,beckoning
arduously,beckons
argumentative,believable
arrogance,believeable
arrogant,beloved
arrogantly,benefactor
ashamed,beneficent
asinine,beneficial
asininely,beneficially
asinininity,beneficiary
askance,benefit
asperse,benefits
aspersion,benevolence
aspersions,benevolent
assail,benifits
assassin,best
assassinate,best-known
assault,best-performing
assult,best-selling
astray,better
asunder,better-known
atrocious,better-than-expected
atrocities,beutifully
atrocity,blameless
atrophy,bless
attack,blessing
attacks,bliss
audacious,blissful
audaciously,blissfully
audaciousness,blithe
audacity,blockbuster
audiciously,bloom
austere,blossom
authoritarian,bolster
autocrat,bonny
autocratic,bonus
avalanche,bonuses
avarice,boom
avaricious,booming
avariciously,boost
avenge,boundless
averse,bountiful
aversion,brainiest
aweful,brainy
awful,brand-new
awfully,brave
awfulness,bravery
awkward,bravo
awkwardness,breakthrough
ax,breakthroughs
babble,breathlessness
back-logged,breathtaking
back-wood,breathtakingly
back-woods,breeze
backache,bright
backaches,brighten
backaching,brighter
backbite,brightest
backbiting,brilliance
backward,brilliances
backwardness,brilliant
backwood,brilliantly
backwoods,brisk
bad,brotherly
badly,bullish
baffle,buoyant
baffled,cajole
bafflement,calm
baffling,calming
bait,calmness
balk,capability
banal,capable
banalize,capably
bane,captivate
banish,captivating
banishment,carefree
bankrupt,cashback
barbarian,cashbacks
barbaric,catchy
barbarically,celebrate
barbarity,celebrated
barbarous,celebration
barbarously,celebratory
barren,champ
baseless,champion
bash,charisma
bashed,charismatic
bashful,charitable
bashing,charm
bastard,charming
bastards,charmingly
battered,chaste
battering,cheaper
batty,cheapest
bearish,cheer
beastly,cheerful
bedlam,cheery
bedlamite,cherish
befoul,cherished
beg,cherub
beggar,chic
beggarly,chivalrous
begging,chivalry
beguile,civility
belabor,civilize
belated,clarity
beleaguer,classic
belie,classy
belittle,clean
belittled,cleaner
belittling,cleanest
bellicose,cleanliness
belligerence,cleanly
belligerent,clear
belligerently,clear-cut
bemoan,cleared
bemoaning,clearer
bemused,clearly
bent,clears
berate,clever
bereave,cleverly
bereavement,cohere
bereft,coherence
berserk,coherent
beseech,cohesive
beset,colorful
besiege,comely
besmirch,comfort
bestial,comfortable
betray,comfortably
betrayal,comforting
betrayals,comfy
betrayer,commend
betraying,commendable
betrays,commendably
bewail,commitment
beware,commodious
bewilder,compact
bewildered,compactly
bewildering,compassion
bewilderingly,compassionate
bewilderment,compatible
bewitch,competitive
bias,complement
biased,complementary
biases,complemented
bicker,complements
bickering,compliant
bid-rigging,compliment
bigotries,complimentary
bigotry,comprehensive
bitch,conciliate
bitchy,conciliatory
biting,concise
bitingly,confidence
bitter,confident
bitterly,congenial
bitterness,congratulate
bizarre,congratulation
blab,congratulations
blabber,congratulatory
blackmail,conscientious
blah,considerate
blame,consistent
blameworthy,consistently
bland,constructive
blandish,consummate
blaspheme,contentment
blasphemous,continuity
blasphemy,contrasty
blasted,contribution
blatant,convenience
blatantly,convenient
blather,conveniently
bleak,convience
bleakly,convienient
bleakness,convient
bleed,convincing
bleeding,convincingly
bleeds,cool
blemish,coolest
blind,cooperative
blinding,cooperatively
blindingly,cornerstone
blindside,correct
blister,correctly
blistering,cost-effective
bloated,cost-saving
blockage,counter-attack
blockhead,counter-attacks
bloodshed,courage
bloodthirsty,courageous
bloody,courageously
blotchy,courageousness
blow,courteous
blunder,courtly
blundering,covenant
blunders,cozy
blunt,creative
blur,credence
bluring,credible
blurred,crisp
blurring,crisper
blurry,cure
blurs,cure-all
blurt,cushy
boastful,cute
boggle,cuteness
bogus,danke
boil,danken
boiling,daring
boisterous,daringly
bomb,darling
bombard,dashing
bombardment,dauntless
bombastic,dawn
bondage,dazzle
bonkers,dazzled
bore,dazzling
bored,dead-cheap
boredom,dead-on
bores,decency
boring,decent
botch,decisive
bother,decisiveness
bothered,dedicated
bothering,defeat
bothers,defeated
bothersome,defeating
bowdlerize,defeats
boycott,defender
braggart,deference
bragger,deft
brainless,deginified
brainwash,delectable
brash,delicacy
brashly,delicate
brashness,delicious
brat,delight
bravado,delighted
brazen,delightful
brazenly,delightfully
brazenness,delightfulness
breach,dependable
break,dependably
break-up,deservedly
break-ups,deserving
breakdown,desirable
breaking,desiring
breaks,desirous
breakup,destiny
breakups,detachable
bribery,devout
brimstone,dexterous
bristle,dexterously
brittle,dextrous
broke,dignified
broken,dignify
broken-hearted,dignity
brood,diligence
browbeat,diligent
bruise,diligently
bruised,diplomatic
bruises,dirt-cheap
bruising,distinction
brusque,distinctive
brutal,distinguished
brutalising,diversified
brutalities,divine
brutality,divinely
brutalize,dominate
brutalizing,dominated
brutally,dominates
brute,dote
brutish,dotingly
bs,doubtless
buckle,dreamland
bug,dumbfounded
bugging,dumbfounding
buggy,dummy-proof
bugs,durable
bulkier,dynamic
bulkiness,eager
bulky,eagerly
bulkyness,eagerness
bull****,earnest
bull----,earnestly
bullies,earnestness
bullshit,ease
bullshyt,eased
bully,eases
bullying,easier
bullyingly,easiest
bum,easiness
bump,easing
bumped,easy
bumping,easy-to-use
bumpping,easygoing
bumps,ebullience
bumpy,ebullient
bungle,ebulliently
bungler,ecenomical
bungling,economical
bunk,ecstasies
burden,ecstasy
burdensome,ecstatic
burdensomely,ecstatically
burn,edify
burned,educated
burning,effective
burns,effectively
bust,effectiveness
busts,effectual
busybody,efficacious
butcher,efficient
butchery,efficiently
buzzing,effortless
byzantine,effortlessly
cackle,effusion
calamities,effusive
calamitous,effusively
calamitously,effusiveness
calamity,elan
callous,elate
calumniate,elated
calumniation,elatedly
calumnies,elation
calumnious,electrify
calumniously,elegance
calumny,elegant
cancer,elegantly
cancerous,elevate
cannibal,elite
cannibalize,eloquence
capitulate,eloquent
capricious,eloquently
capriciously,embolden
capriciousness,eminence
capsize,eminent
careless,empathize
carelessness,empathy
caricature,empower
carnage,empowerment
carp,enchant
cartoonish,enchanted
cash-strapped,enchanting
castigate,enchantingly
castrated,encourage
casualty,encouragement
cataclysm,encouraging
cataclysmal,encouragingly
cataclysmic,endear
cataclysmically,endearing
catastrophe,endorse
catastrophes,endorsed
catastrophic,endorsement
catastrophically,endorses
catastrophies,endorsing
caustic,energetic
caustically,energize
cautionary,energy-efficient
cave,energy-saving
censure,engaging
chafe,engrossing
chaff,enhance
chagrin,enhanced
challenging,enhancement
chaos,enhances
chaotic,enjoy
chasten,enjoyable
chastise,enjoyably
chastisement,enjoyed
chatter,enjoying
chatterbox,enjoyment
cheap,enjoys
cheapen,enlighten
cheaply,enlightenment
cheat,enliven
cheated,ennoble
cheater,enough
cheating,enrapt
cheats,enrapture
checkered,enraptured
cheerless,enrich
cheesy,enrichment
chide,enterprising
childish,entertain
chill,entertaining
chilly,entertains
chintzy,enthral
choke,enthrall
choleric,enthralled
choppy,enthuse
chore,enthusiasm
chronic,enthusiast
chunky,enthusiastic
clamor,enthusiastically
clamorous,entice
clash,enticed
cliche,enticing
cliched,enticingly
clique,entranced
clog,entrancing
clogged,entrust
clogs,enviable
cloud,enviably
clouding,envious
cloudy,enviously
clueless,enviousness
clumsy,envy
clunky,equitable
coarse,ergonomical
cocky,err-free
coerce,erudite
coercion,ethical
coercive,eulogize
cold,euphoria
coldly,euphoric
collapse,euphorically
collude,evaluative
collusion,evenly
combative,eventful
combust,everlasting
comical,evocative
commiserate,exalt
commonplace,exaltation
commotion,exalted
commotions,exaltedly
complacent,exalting
complain,exaltingly
complained,examplar
complaining,examplary
complains,excallent
complaint,exceed
complaints,exceeded
complex,exceeding
complicated,exceedingly
complication,exceeds
complicit,excel
compulsion,exceled
compulsive,excelent
concede,excellant
conceded,excelled
conceit,excellence
conceited,excellency
concen,excellent
concens,excellently
concern,excels
concerned,exceptional
concerns,exceptionally
concession,excite
concessions,excited
condemn,excitedly
condemnable,excitedness
condemnation,excitement
condemned,excites
condemns,exciting
condescend,excitingly
condescending,exellent
condescendingly,exemplar
condescension,exemplary
confess,exhilarate
confession,exhilarating
confessions,exhilaratingly
confined,exhilaration
conflict,exonerate
conflicted,expansive
conflicting,expeditiously
conflicts,expertly
confound,exquisite
confounded,exquisitely
confounding,extol
confront,extoll
confrontation,extraordinarily
confrontational,extraordinary
confuse,exuberance
confused,exuberant
confuses,exuberantly
confusing,exult
confusion,exultant
confusions,exultation
congested,exultingly
congestion,eye-catch
cons,eye-catching
conscons,eyecatch
conservative,eyecatching
conspicuous,fabulous
conspicuously,fabulously
conspiracies,facilitate
conspiracy,fair
conspirator,fairly
conspiratorial,fairness
conspire,faith
consternation,faithful
contagious,faithfully
contaminate,faithfulness
contaminated,fame
contaminates,famed
contaminating,famous
contamination,famously
contempt,fancier
contemptible,fancinating
contemptuous,fancy
contemptuously,fanfare
contend,fans
contention,fantastic
contentious,fantastically
contort,fascinate
contortions,fascinating
contradict,fascinatingly
contradiction,fascination
contradictory,fashionable
contrariness,fashionably
contravene,fast
contrive,fast-growing
contrived,fast-paced
controversial,faster
controversy,fastest
convoluted,fastest-growing
corrode,faultless
corrosion,fav
corrosions,fave
corrosive,favor
corrupt,favorable
corrupted,favored
corrupting,favorite
corruption,favorited
corrupts,favour
corruptted,fearless
costlier,fearlessly
costly,feasible
counter-productive,feasibly
counterproductive,feat
coupists,feature-rich
covetous,fecilitous
coward,feisty
cowardly,felicitate
crabby,felicitous
crack,felicity
cracked,fertile
cracks,fervent
craftily,fervently
craftly,fervid
crafty,fervidly
cramp,fervor
cramped,festive
cramping,fidelity
cranky,fiery
crap,fine
crappy,fine-looking
craps,finely
crash,finer
crashed,finest
crashes,firmer
crashing,first-class
crass,first-in-class
craven,first-rate
cravenly,flashy
craze,flatter
crazily,flattering
craziness,flatteringly
crazy,flawless
creak,flawlessly
creaking,flexibility
creaks,flexible
credulous,flourish
creep,flourishing
creeping,fluent
creeps,flutter
creepy,fond
crept,fondly
crime,fondness
criminal,foolproof
cringe,foremost
cringed,foresight
cringes,formidable
cripple,fortitude
crippled,fortuitous
cripples,fortuitously
crippling,fortunate
crisis,fortunately
critic,fortune
critical,fragrant
criticism,free
criticisms,freed
criticize,freedom
criticized,freedoms
criticizing,fresh
critics,fresher
cronyism,freshest
crook,friendliness
crooked,friendly
crooks,frolic
crowded,frugal
crowdedness,fruitful
crude,ftw
cruel,fulfillment
crueler,fun
cruelest,futurestic
cruelly,futuristic
cruelness,gaiety
cruelties,gaily
cruelty,gain
crumble,gained
crumbling,gainful
crummy,gainfully
crumple,gaining
crumpled,gains
crumples,gallant
crush,gallantly
crushed,galore
crushing,geekier
cry,geeky
culpable,gem
culprit,gems
cumbersome,generosity
cunt,generous
cunts,generously
cuplrit,genial
curse,genius
cursed,gentle
curses,gentlest
curt,genuine
cuss,gifted
cussed,glad
cutthroat,gladden
cynical,gladly
cynicism,gladness
d*mn,glamorous
damage,glee
damaged,gleeful
damages,gleefully
damaging,glimmer
damn,glimmering
damnable,glisten
damnably,glistening
damnation,glitter
damned,glitz
damning,glorify
damper,glorious
danger,gloriously
dangerous,glory
dangerousness,glow
dark,glowing
darken,glowingly
darkened,god-given
darker,god-send
darkness,godlike
dastard,godsend
dastardly,gold
daunt,golden
daunting,good
dauntingly,goodly
dawdle,goodness
daze,goodwill
dazed,goood
dead,gooood
deadbeat,gorgeous
deadlock,gorgeously
deadly,grace
deadweight,graceful
deaf,gracefully
dearth,gracious
death,graciously
debacle,graciousness
debase,grand
debasement,grandeur
debaser,grateful
debatable,gratefully
debauch,gratification
debaucher,gratified
debauchery,gratifies
debilitate,gratify
debilitating,gratifying
debility,gratifyingly
debt,gratitude
debts,great
decadence,greatest
decadent,greatness
decay,grin
decayed,groundbreaking
deceit,guarantee
deceitful,guidance
deceitfully,guiltless
deceitfulness,gumption
deceive,gush
deceiver,gusto
deceivers,gutsy
deceiving,hail
deception,halcyon
deceptive,hale
deceptively,hallmark
declaim,hallmarks
decline,hallowed
declines,handier
declining,handily
decrement,hands-down
decrepit,handsome
decrepitude,handsomely
decry,handy
defamation,happier
defamations,happily
defamatory,happiness
defame,happy
defect,hard-working
defective,hardier
defects,hardy
defensive,harmless
defiance,harmonious
defiant,harmoniously
defiantly,harmonize
deficiencies,harmony
deficiency,headway
deficient,heal
defile,healthful
defiler,healthy
deform,hearten
deformed,heartening
defrauding,heartfelt
defunct,heartily
defy,heartwarming
degenerate,heaven
degenerately,heavenly
degeneration,helped
degradation,helpful
degrade,helping
degrading,hero
degradingly,heroic
dehumanization,heroically
dehumanize,heroine
deign,heroize
deject,heros
dejected,high-quality
dejectedly,high-spirited
dejection,hilarious
delay,holy
delayed,homage
delaying,honest
delays,honesty
delinquency,honor
delinquent,honorable
delirious,honored
delirium,honoring
delude,hooray
deluded,hopeful
deluge,hospitable
delusion,hot
delusional,hotcake
delusions,hotcakes
demean,hottest
demeaning,hug
demise,humane
demolish,humble
demolisher,humility
demon,humor
demonic,humorous
demonize,humorously
demonized,humour
demonizes,humourous
demonizing,ideal
demoralize,idealize
demoralizing,ideally
demoralizingly,idol
denial,idolize
denied,idolized
denies,idyllic
denigrate,illuminate
denounce,illuminati
dense,illuminating
dent,illumine
dented,illustrious
dents,ilu
denunciate,imaculate
denunciation,imaginative
denunciations,immaculate
deny,immaculately
denying,immense
deplete,impartial
deplorable,impartiality
deplorably,impartially
deplore,impassioned
deploring,impeccable
deploringly,impeccably
deprave,important
depraved,impress
depravedly,impressed
deprecate,impresses
depress,impressive
depressed,impressively
depressing,impressiveness
depressingly,improve
depression,improved
depressions,improvement
deprive,improvements
deprived,improves
deride,improving
derision,incredible
derisive,incredibly
derisively,indebted
derisiveness,individualized
derogatory,indulgence
desecrate,indulgent
desert,industrious
desertion,inestimable
desiccate,inestimably
desiccated,inexpensive
desititute,infallibility
desolate,infallible
desolately,infallibly
desolation,influential
despair,ingenious
despairing,ingeniously
despairingly,ingenuity
desperate,ingenuous
desperately,ingenuously
desperation,innocuous
despicable,innovation
despicably,innovative
despise,inpressed
despised,insightful
despoil,insightfully
despoiler,inspiration
despondence,inspirational
despondency,inspire
despondent,inspiring
despondently,instantly
despot,instructive
despotic,instrumental
despotism,integral
destabilisation,integrated
destains,intelligence
destitute,intelligent
destitution,intelligible
destroy,interesting
destroyer,interests
destruction,intimacy
destructive,intimate
desultory,intricate
deter,intrigue
deteriorate,intriguing
deteriorating,intriguingly
deterioration,intuitive
deterrent,invaluable
detest,invaluablely
detestable,inventive
detestably,invigorate
detested,invigorating
detesting,invincibility
detests,invincible
detract,inviolable
detracted,inviolate
detracting,invulnerable
detraction,irreplaceable
detracts,irreproachable
detriment,irresistible
detrimental,irresistibly
devastate,issue-free
devastated,jaw-droping
devastates,jaw-dropping
devastating,jollify
devastatingly,jolly
devastation,jovial
deviate,joy
deviation,joyful
devil,joyfully
devilish,joyous
devilishly,joyously
devilment,jubilant
devilry,jubilantly
devious,jubilate
deviously,jubilation
deviousness,jubiliant
devoid,judicious
diabolic,justly
diabolical,keen
diabolically,keenly
diametrically,keenness
diappointed,kid-friendly
diatribe,kindliness
diatribes,kindly
dick,kindness
dictator,knowledgeable
dictatorial,kudos
die,large-capacity
die-hard,laud
died,laudable
dies,laudably
difficult,lavish
difficulties,lavishly
difficulty,law-abiding
diffidence,lawful
dilapidated,lawfully
dilemma,lead
dilly-dally,leading
dim,leads
dimmer,lean
din,led
ding,legendary
dings,leverage
dinky,levity
dire,liberate
direly,liberation
direness,liberty
dirt,lifesaver
dirtbag,light-hearted
dirtbags,lighter
dirts,likable
dirty,like
disable,liked
disabled,likes
disaccord,liking
disadvantage,lionhearted
disadvantaged,lively
disadvantageous,logical
disadvantages,long-lasting
disaffect,lovable
disaffected,lovably
disaffirm,love
disagree,loved
disagreeable,loveliness
disagreeably,lovely
disagreed,lover
disagreeing,loves
disagreement,loving
disagrees,low-cost
disallow,low-price
disapointed,low-priced
disapointing,low-risk
disapointment,lower-priced
disappoint,loyal
disappointed,loyalty
disappointing,lucid
disappointingly,lucidly
disappointment,luck
disappointments,luckier
disappoints,luckiest
disapprobation,luckiness
disapproval,lucky
disapprove,lucrative
disapproving,luminous
disarm,lush
disarray,luster
disaster,lustrous
disasterous,luxuriant
disastrous,luxuriate
disastrously,luxurious
disavow,luxuriously
disavowal,luxury
disbelief,lyrical
disbelieve,magic
disbeliever,magical
disclaim,magnanimous
discombobulate,magnanimously
discomfit,magnificence
discomfititure,magnificent
discomfort,magnificently
discompose,majestic
disconcert,majesty
disconcerted,manageable
disconcerting,maneuverable
disconcertingly,marvel
disconsolate,marveled
disconsolately,marvelled
disconsolation,marvellous
discontent,marvelous
discontented,marvelously
discontentedly,marvelousness
discontinued,marvels
discontinuity,master
discontinuous,masterful
discord,masterfully
discordance,masterpiece
discordant,masterpieces
discountenance,masters
discourage,mastery
discouragement,matchless
discouraging,mature
discouragingly,maturely
discourteous,maturity
discourteously,meaningful
discoutinous,memorable
discredit,merciful
discrepant,mercifully
discriminate,mercy
discrimination,merit
discriminatory,meritorious
disdain,merrily
disdained,merriment
disdainful,merriness
disdainfully,merry
disfavor,mesmerize
disgrace,mesmerized
disgraced,mesmerizes
disgraceful,mesmerizing
disgracefully,mesmerizingly
disgruntle,meticulous
disgruntled,meticulously
disgust,mightily
disgusted,mighty
disgustedly,mind-blowing
disgustful,miracle
disgustfully,miracles
disgusting,miraculous
disgustingly,miraculously
dishearten,miraculousness
disheartening,modern
dishearteningly,modest
dishonest,modesty
dishonestly,momentous
dishonesty,monumental
dishonor,monumentally
dishonorable,morality
dishonorablely,motivated
disillusion,multi-purpose
disillusioned,navigable
disillusionment,neat
disillusions,neatest
disinclination,neatly
disinclined,nice
disingenuous,nicely
disingenuously,nicer
disintegrate,nicest
disintegrated,nifty
disintegrates,nimble
disintegration,noble
disinterest,nobly
disinterested,noiseless
dislike,non-violence
disliked,non-violent
dislikes,notably
disliking,noteworthy
dislocated,nourish
disloyal,nourishing
disloyalty,nourishment
dismal,novelty
dismally,nurturing
dismalness,oasis
dismay,obsession
dismayed,obsessions
dismaying,obtainable
dismayingly,openly
dismissive,openness
dismissively,optimal
disobedience,optimism
disobedient,optimistic
disobey,opulent
disoobedient,orderly
disorder,originality
disordered,outdo
disorderly,outdone
disorganized,outperform
disorient,outperformed
disoriented,outperforming
disown,outperforms
disparage,outshine
disparaging,outshone
disparagingly,outsmart
dispensable,outstanding
dispirit,outstandingly
dispirited,outstrip
dispiritedly,outwit
dispiriting,ovation
displace,overjoyed
displaced,overtake
displease,overtaken
displeased,overtakes
displeasing,overtaking
displeasure,overtook
disproportionate,overture
disprove,pain-free
disputable,painless
dispute,painlessly
disputed,palatial
disquiet,pamper
disquieting,pampered
disquietingly,pamperedly
disquietude,pamperedness
disregard,pampers
disregardful,panoramic
disreputable,paradise
disrepute,paramount
disrespect,pardon
disrespectable,passion
disrespectablity,passionate
disrespectful,passionately
disrespectfully,patience
disrespectfulness,patient
disrespecting,patiently
disrupt,patriot
disruption,patriotic
disruptive,peace
diss,peaceable
dissapointed,peaceful
dissappointed,peacefully
dissappointing,peacekeepers
dissatisfaction,peach
dissatisfactory,peerless
dissatisfied,pep
dissatisfies,pepped
dissatisfy,pepping
dissatisfying,peppy
dissed,peps
dissemble,perfect
dissembler,perfection
dissension,perfectly
dissent,permissible
dissenter,perseverance
dissention,persevere
disservice,personages
disses,personalized
dissidence,phenomenal
dissident,phenomenally
dissidents,picturesque
dissing,piety
dissocial,pinnacle
dissolute,playful
dissolution,playfully
dissonance,pleasant
dissonant,pleasantly
dissonantly,pleased
dissuade,pleases
dissuasive,pleasing
distains,pleasingly
distaste,pleasurable
distasteful,pleasurably
distastefully,pleasure
distort,plentiful
distorted,pluses
distortion,plush
distorts,plusses
distract,poetic
distracting,poeticize
distraction,poignant
distraught,poise
distraughtly,poised
distraughtness,polished
distress,polite
distressed,politeness
distressing,popular
distressingly,portable
distrust,posh
distrustful,positive
distrusting,positively
disturb,positives
disturbance,powerful
disturbed,powerfully
disturbing,praise
disturbingly,praiseworthy
disunity,praising
disvalue,pre-eminent
divergent,precious
divisive,precise
divisively,precisely
divisiveness,preeminent
dizzing,prefer
dizzingly,preferable
dizzy,preferably
doddering,prefered
dodgey,preferes
dogged,preferring
doggedly,prefers
dogmatic,premier
doldrums,prestige
domineer,prestigious
domineering,prettily
donside,pretty
doom,priceless
doomed,pride
doomsday,principled
dope,privilege
doubt,privileged
doubtful,prize
doubtfully,proactive
doubts,problem-free
douchbag,problem-solver
douchebag,prodigious
douchebags,prodigiously
downbeat,prodigy
downcast,productive
downer,productively
downfall,proficient
downfallen,proficiently
downgrade,profound
downhearted,profoundly
downheartedly,profuse
downhill,profusion
downside,progress
downsides,progressive
downturn,prolific
downturns,prominence
drab,prominent
draconian,promise
draconic,promised
drag,promises
dragged,promising
dragging,promoter
dragoon,prompt
drags,promptly
drain,proper
drained,properly
draining,propitious
drains,propitiously
drastic,pros
drastically,prosper
drawback,prosperity
drawbacks,prosperous
dread,prospros
dreadful,protect
dreadfully,protection
dreadfulness,protective
dreary,proud
dripped,proven
dripping,proves
drippy,providence
drips,proving
drones,prowess
droop,prudence
droops,prudent
drop-out,prudently
drop-outs,punctual
dropout,pure
dropouts,purify
drought,purposeful
drowning,quaint
drunk,qualified
drunkard,qualify
drunken,quicker
dubious,quiet
dubiously,quieter
dubitable,radiance
dud,radiant
dull,rapid
dullard,rapport
dumb,rapt
dumbfound,rapture
dump,raptureous
dumped,raptureously
dumping,rapturous
dumps,rapturously
dunce,rational
dungeon,razor-sharp
dungeons,reachable
dupe,readable
dust,readily
dusty,ready
dwindling,reaffirm
dying,reaffirmation
earsplitting,realistic
eccentric,realizable
eccentricity,reasonable
effigy,reasonably
effrontery,reasoned
egocentric,reassurance
egomania,reassure
egotism,receptive
egotistical,reclaim
egotistically,recomend
egregious,recommend
egregiously,recommendation
election-rigger,recommendations
elimination,recommended
emaciated,reconcile
emasculate,reconciliation
embarrass,record-setting
embarrassing,recover
embarrassingly,recovery
embarrassment,rectification
embattled,rectify
embroil,rectifying
embroiled,redeem
embroilment,redeeming
emergency,redemption
emphatic,refine
emphatically,refined
emptiness,refinement
encroach,reform
encroachment,reformed
endanger,reforming
enemies,reforms
enemy,refresh
enervate,refreshed
enfeeble,refreshing
enflame,refund
engulf,refunded
enjoin,regal
enmity,regally
enrage,regard
enraged,rejoice
enraging,rejoicing
enslave,rejoicingly
entangle,rejuvenate
entanglement,rejuvenated
entrap,rejuvenating
entrapment,relaxed
envious,relent
enviously,reliable
enviousness,reliably
epidemic,relief
equivocal,relish
erase,remarkable
erode,remarkably
erodes,remedy
erosion,remission
err,remunerate
errant,renaissance
erratic,renewed
erratically,renown
erroneous,renowned
erroneously,replaceable
error,reputable
errors,reputation
eruptions,resilient
escapade,resolute
eschew,resound
estranged,resounding
evade,resourceful
evasion,resourcefulness
evasive,respect
evil,respectable
evildoer,respectful
evils,respectfully
eviscerate,respite
exacerbate,resplendent
exagerate,responsibly
exagerated,responsive
exagerates,restful
exaggerate,restored
exaggeration,restructure
exasperate,restructured
exasperated,restructuring
exasperating,retractable
exasperatingly,revel
exasperation,revelation
excessive,revere
excessively,reverence
exclusion,reverent
excoriate,reverently
excruciating,revitalize
excruciatingly,revival
excuse,revive
excuses,revives
execrate,revolutionary
exhaust,revolutionize
exhausted,revolutionized
exhaustion,revolutionizes
exhausts,reward
exhorbitant,rewarding
exhort,rewardingly
exile,rich
exorbitant,richer
exorbitantance,richly
exorbitantly,richness
expel,right
expensive,righten
expire,righteous
expired,righteously
explode,righteousness
exploit,rightful
exploitation,rightfully
explosive,rightly
expropriate,rightness
expropriation,risk-free
expulse,robust
expunge,rock-star
exterminate,rock-stars
extermination,rockstar
extinguish,rockstars
extort,romantic
extortion,romantically
extraneous,romanticize
extravagance,roomier
extravagant,roomy
extravagantly,rosy
extremism,safe
extremist,safely
extremists,sagacity
eyesore,sagely
f**k,saint
fabricate,saintliness
fabrication,saintly
facetious,salutary
facetiously,salute
fail,sane
failed,satisfactorily
failing,satisfactory
fails,satisfied
failure,satisfies
failures,satisfy
faint,satisfying
fainthearted,satisified
faithless,saver
fake,savings
fall,savior
fallacies,savvy
fallacious,scenic
fallaciously,seamless
fallaciousness,seasoned
fallacy,secure
fallen,securely
falling,selective
fallout,self-determination
falls,self-respect
FALSE,self-satisfaction
falsehood,self-sufficiency
falsely,self-sufficient
falsify,sensation
falter,sensational
faltered,sensationally
famine,sensations
famished,sensible
fanatic,sensibly
fanatical,sensitive
fanatically,serene
fanaticism,serenity
fanatics,sexy
fanciful,sharp
far-fetched,sharper
farce,sharpest
farcical,shimmering
farcical-yet-provocative,shimmeringly
farcically,shine
farfetched,shiny
fascism,significant
fascist,silent
fastidious,simpler
fastidiously,simplest
fastuous,simplified
fat,simplifies
fat-cat,simplify
fat-cats,simplifying
fatal,sincere
fatalistic,sincerely
fatalistically,sincerity
fatally,skill
fatcat,skilled
fatcats,skillful
fateful,skillfully
fatefully,slammin
fathomless,sleek
fatigue,slick
fatigued,smart
fatique,smarter
fatty,smartest
fatuity,smartly
fatuous,smile
fatuously,smiles
fault,smiling
faults,smilingly
faulty,smitten
fawningly,smooth
faze,smoother
fear,smoothes
fearful,smoothest
fearfully,smoothly
fears,snappy
fearsome,snazzy
feckless,sociable
feeble,soft
feeblely,softer
feebleminded,solace
feign,solicitous
feint,solicitously
fell,solid
felon,solidarity
felonious,soothe
ferociously,soothingly
ferocity,sophisticated
fetid,soulful
fever,soundly
feverish,soundness
fevers,spacious
fiasco,sparkle
fib,sparkling
fibber,spectacular
fickle,spectacularly
fiction,speedily
fictional,speedy
fictitious,spellbind
fidget,spellbinding
fidgety,spellbindingly
fiend,spellbound
fiendish,spirited
fierce,spiritual
figurehead,splendid
filth,splendidly
filthy,splendor
finagle,spontaneous
finicky,sporty
fissures,spotless
fist,sprightly
flabbergast,stability
flabbergasted,stabilize
flagging,stable
flagrant,stainless
flagrantly,standout
flair,state-of-the-art
flairs,stately
flak,statuesque
flake,staunch
flakey,staunchly
flakieness,staunchness
flaking,steadfast
flaky,steadfastly
flare,steadfastness
flares,steadiest
flareup,steadiness
flareups,steady
flat-out,stellar
flaunt,stellarly
flaw,stimulate
flawed,stimulates
flaws,stimulating
flee,stimulative
fleed,stirringly
fleeing,straighten
fleer,straightforward
flees,streamlined
fleeting,striking
flicering,strikingly
flicker,striving
flickering,strong
flickers,stronger
flighty,strongest
flimflam,stunned
flimsy,stunning
flirt,stunningly
flirty,stupendous
floored,stupendously
flounder,sturdier
floundering,sturdy
flout,stylish
fluster,stylishly
foe,stylized
fool,suave
fooled,suavely
foolhardy,sublime
foolish,subsidize
foolishly,subsidized
foolishness,subsidizes
forbid,subsidizing
forbidden,substantive
forbidding,succeed
forceful,succeeded
foreboding,succeeding
forebodingly,succeeds
forfeit,succes
forged,success
forgetful,successes
forgetfully,successful
forgetfulness,successfully
forlorn,suffice
forlornly,sufficed
forsake,suffices
forsaken,sufficient
forswear,sufficiently
foul,suitable
foully,sumptuous
foulness,sumptuously
fractious,sumptuousness
fractiously,super
fracture,superb
fragile,superbly
fragmented,superior
frail,superiority
frantic,supple
frantically,support
franticly,supported
fraud,supporter
fraudulent,supporting
fraught,supportive
frazzle,supports
frazzled,supremacy
freak,supreme
freaking,supremely
freakish,supurb
freakishly,supurbly
freaks,surmount
freeze,surpass
freezes,surreal
freezing,survival
frenetic,survivor
frenetically,sustainability
frenzied,sustainable
frenzy,swank
fret,swankier
fretful,swankiest
frets,swanky
friction,sweeping
frictions,sweet
fried,sweeten
friggin,sweetheart
frigging,sweetly
fright,sweetness
frighten,swift
frightening,swiftness
frighteningly,talent
frightful,talented
frightfully,talents
frigid,tantalize
frost,tantalizing
frown,tantalizingly
froze,tempt
frozen,tempting
fruitless,temptingly
fruitlessly,tenacious
frustrate,tenaciously
frustrated,tenacity
frustrates,tender
frustrating,tenderly
frustratingly,terrific
frustration,terrifically
frustrations,thank
fuck,thankful
fucking,thinner
fudge,thoughtful
fugitive,thoughtfully
full-blown,thoughtfulness
fulminate,thrift
fumble,thrifty
fume,thrill
fumes,thrilled
fundamentalism,thrilling
funky,thrillingly
funnily,thrills
funny,thrive
furious,thriving
furiously,thumb-up
furor,thumbs-up
fury,tickle
fuss,tidy
fussy,time-honored
fustigate,timely
fusty,tingle
futile,titillate
futilely,titillating
futility,titillatingly
fuzzy,togetherness
gabble,tolerable
gaff,toll-free
gaffe,top
gainsay,top-notch
gainsayer,top-quality
gall,topnotch
galling,tops
gallingly,tough
galls,tougher
gangster,toughest
gape,traction
garbage,tranquil
garish,tranquility
gasp,transparent
gauche,treasure
gaudy,tremendously
gawk,trendy
gawky,triumph
geezer,triumphal
genocide,triumphant
get-rich,triumphantly
ghastly,trivially
ghetto,trophy
ghosting,trouble-free
gibber,trump
gibberish,trumpet
gibe,trust
giddy,trusted
gimmick,trusting
gimmicked,trustingly
gimmicking,trustworthiness
gimmicks,trustworthy
gimmicky,trusty
glare,truthful
glaringly,truthfully
glib,truthfulness
glibly,twinkly
glitch,ultra-crisp
glitches,unabashed
gloatingly,unabashedly
gloom,unaffected
gloomy,unassailable
glower,unbeatable
glum,unbiased
glut,unbound
gnawing,uncomplicated
goad,unconditional
goading,undamaged
god-awful,undaunted
goof,understandable
goofy,undisputable
goon,undisputably
gossip,undisputed
graceless,unencumbered
gracelessly,unequivocal
graft,unequivocally
grainy,unfazed
grapple,unfettered
grate,unforgettable
grating,unity
gravely,unlimited
greasy,unmatched
greed,unparalleled
greedy,unquestionable
grief,unquestionably
grievance,unreal
grievances,unrestricted
grieve,unrivaled
grieving,unselfish
grievous,unwavering
grievously,upbeat
grim,upgradable
grimace,upgradeable
grind,upgraded
gripe,upheld
gripes,uphold
grisly,uplift
gritty,uplifting
gross,upliftingly
grossly,upliftment
grotesque,upscale
grouch,usable
grouchy,useable
groundless,useful
grouse,user-friendly
growl,user-replaceable
grudge,valiant
grudges,valiantly
grudging,valor
grudgingly,valuable
gruesome,variety
gruesomely,venerate
gruff,verifiable
grumble,veritable
grumpier,versatile
grumpiest,versatility
grumpily,vibrant
grumpish,vibrantly
grumpy,victorious
guile,victory
guilt,viewable
guiltily,vigilance
guilty,vigilant
gullible,virtue
gutless,virtuous
gutter,virtuously
hack,visionary
hacks,vivacious
haggard,vivid
haggle,vouch
hairloss,vouchsafe
halfhearted,warm
halfheartedly,warmer
hallucinate,warmhearted
hallucination,warmly
hamper,warmth
hampered,wealthy
handicapped,welcome
hang,well
hangs,well-backlit
haphazard,well-balanced
hapless,well-behaved
harangue,well-being
harass,well-bred
harassed,well-connected
harasses,well-educated
harassment,well-established
harboring,well-informed
harbors,well-intentioned
hard,well-known
hard-hit,well-made
hard-line,well-managed
hard-liner,well-mannered
hardball,well-positioned
harden,well-received
hardened,well-regarded
hardheaded,well-rounded
hardhearted,well-run
hardliner,well-wishers
hardliners,wellbeing
hardship,whoa
hardships,wholeheartedly
harm,wholesome
harmed,whooa
harmful,whoooa
harms,wieldy
harpy,willing
harridan,willingly
harried,willingness
harrow,win
harsh,windfall
harshly,winnable
hasseling,winner
hassle,winners
hassled,winning
hassles,wins
haste,wisdom
hastily,wise
hasty,wisely
hate,witty
hated,won
hateful,wonder
hatefully,wonderful
hatefulness,wonderfully
hater,wonderous
haters,wonderously
hates,wonders
hating,wondrous
hatred,woo
haughtily,work
haughty,workable
haunt,worked
haunting,works
havoc,world-famous
hawkish,worth
haywire,worth-while
hazard,worthiness
hazardous,worthwhile
haze,worthy
hazy,wow
head-aches,wowed
headache,wowing
headaches,wows
heartbreaker,yay
heartbreaking,youthful
heartbreakingly,zeal
heartless,zenith
heathen,zest
heavy-handed,zippy
heavyhearted,
heck,
heckle,
heckled,
heckles,
hectic,
hedge,
hedonistic,
heedless,
hefty,
hegemonism,
hegemonistic,
hegemony,
heinous,
hell,
hell-bent,
hellion,
hells,
helpless,
helplessly,
helplessness,
heresy,
heretic,
heretical,
hesitant,
hestitant,
hideous,
hideously,
hideousness,
high-priced,
hiliarious,
hinder,
hindrance,
hiss,
hissed,
hissing,
ho-hum,
hoard,
hoax,
hobble,
hogs,
hollow,
hoodium,
hoodwink,
hooligan,
hopeless,
hopelessly,
hopelessness,
horde,
horrendous,
horrendously,
horrible,
horrid,
horrific,
horrified,
horrifies,
horrify,
horrifying,
horrifys,
hostage,
hostile,
hostilities,
hostility,
hotbeds,
hothead,
hotheaded,
hothouse,
hubris,
huckster,
hum,
humid,
humiliate,
humiliating,
humiliation,
humming,
hung,
hurt,
hurted,
hurtful,
hurting,
hurts,
hustler,
hype,
hypocricy,
hypocrisy,
hypocrite,
hypocrites,
hypocritical,
hypocritically,
hysteria,
hysteric,
hysterical,
hysterically,
hysterics,
idiocies,
idiocy,
idiot,
idiotic,
idiotically,
idiots,
idle,
ignoble,
ignominious,
ignominiously,
ignominy,
ignorance,
ignorant,
ignore,
ill-advised,
ill-conceived,
ill-defined,
ill-designed,
ill-fated,
ill-favored,
ill-formed,
ill-mannered,
ill-natured,
ill-sorted,
ill-tempered,
ill-treated,
ill-treatment,
ill-usage,
ill-used,
illegal,
illegally,
illegitimate,
illicit,
illiterate,
illness,
illogic,
illogical,
illogically,
illusion,
illusions,
illusory,
imaginary,
imbalance,
imbecile,
imbroglio,
immaterial,
immature,
imminence,
imminently,
immobilized,
immoderate,
immoderately,
immodest,
immoral,
immorality,
immorally,
immovable,
impair,
impaired,
impasse,
impatience,
impatient,
impatiently,
impeach,
impedance,
impede,
impediment,
impending,
impenitent,
imperfect,
imperfection,
imperfections,
imperfectly,
imperialist,
imperil,
imperious,
imperiously,
impermissible,
impersonal,
impertinent,
impetuous,
impetuously,
impiety,
impinge,
impious,
implacable,
implausible,
implausibly,
implicate,
implication,
implode,
impolite,
impolitely,
impolitic,
importunate,
importune,
impose,
imposers,
imposing,
imposition,
impossible,
impossiblity,
impossibly,
impotent,
impoverish,
impoverished,
impractical,
imprecate,
imprecise,
imprecisely,
imprecision,
imprison,
imprisonment,
improbability,
improbable,
improbably,
improper,
improperly,
impropriety,
imprudence,
imprudent,
impudence,
impudent,
impudently,
impugn,
impulsive,
impulsively,
impunity,
impure,
impurity,
inability,
inaccuracies,
inaccuracy,
inaccurate,
inaccurately,
inaction,
inactive,
inadequacy,
inadequate,
inadequately,
inadverent,
inadverently,
inadvisable,
inadvisably,
inane,
inanely,
inappropriate,
inappropriately,
inapt,
inaptitude,
inarticulate,
inattentive,
inaudible,
incapable,
incapably,
incautious,
incendiary,
incense,
incessant,
incessantly,
incite,
incitement,
incivility,
inclement,
incognizant,
incoherence,
incoherent,
incoherently,
incommensurate,
incomparable,
incomparably,
incompatability,
incompatibility,
incompatible,
incompetence,
incompetent,
incompetently,
incomplete,
incompliant,
incomprehensible,
incomprehension,
inconceivable,
inconceivably,
incongruous,
incongruously,
inconsequent,
inconsequential,
inconsequentially,
inconsequently,
inconsiderate,
inconsiderately,
inconsistence,
inconsistencies,
inconsistency,
inconsistent,
inconsolable,
inconsolably,
inconstant,
inconvenience,
inconveniently,
incorrect,
incorrectly,
incorrigible,
incorrigibly,
incredulous,
incredulously,
inculcate,
indecency,
indecent,
indecently,
indecision,
indecisive,
indecisively,
indecorum,
indefensible,
indelicate,
indeterminable,
indeterminably,
indeterminate,
indifference,
indifferent,
indigent,
indignant,
indignantly,
indignation,
indignity,
indiscernible,
indiscreet,
indiscreetly,
indiscretion,
indiscriminate,
indiscriminately,
indiscriminating,
indistinguishable,
indoctrinate,
indoctrination,
indolent,
indulge,
ineffective,
ineffectively,
ineffectiveness,
ineffectual,
ineffectually,
ineffectualness,
inefficacious,
inefficacy,
inefficiency,
inefficient,
inefficiently,
inelegance,
inelegant,
ineligible,
ineloquent,
ineloquently,
inept,
ineptitude,
ineptly,
inequalities,
inequality,
inequitable,
inequitably,
inequities,
inescapable,
inescapably,
inessential,
inevitable,
inevitably,
inexcusable,
inexcusably,
inexorable,
inexorably,
inexperience,
inexperienced,
inexpert,
inexpertly,
inexpiable,
inexplainable,
inextricable,
inextricably,
infamous,
infamously,
infamy,
infected,
infection,
infections,
inferior,
inferiority,
infernal,
infest,
infested,
infidel,
infidels,
infiltrator,
infiltrators,
infirm,
inflame,
inflammation,
inflammatory,
inflammed,
inflated,
inflationary,
inflexible,
inflict,
infraction,
infringe,
infringement,
infringements,
infuriate,
infuriated,
infuriating,
infuriatingly,
inglorious,
ingrate,
ingratitude,
inhibit,
inhibition,
inhospitable,
inhospitality,
inhuman,
inhumane,
inhumanity,
inimical,
inimically,
iniquitous,
iniquity,
injudicious,
injure,
injurious,
injury,
injustice,
injustices,
innuendo,
inoperable,
inopportune,
inordinate,
inordinately,
insane,
insanely,
insanity,
insatiable,
insecure,
insecurity,
insensible,
insensitive,
insensitively,
insensitivity,
insidious,
insidiously,
insignificance,
insignificant,
insignificantly,
insincere,
insincerely,
insincerity,
insinuate,
insinuating,
insinuation,
insociable,
insolence,
insolent,
insolently,
insolvent,
insouciance,
instability,
instable,
instigate,
instigator,
instigators,
insubordinate,
insubstantial,
insubstantially,
insufferable,
insufferably,
insufficiency,
insufficient,
insufficiently,
insular,
insult,
insulted,
insulting,
insultingly,
insults,
insupportable,
insupportably,
insurmountable,
insurmountably,
insurrection,
intefere,
inteferes,
intense,
interfere,
interference,
interferes,
intermittent,
interrupt,
interruption,
interruptions,
intimidate,
intimidating,
intimidatingly,
intimidation,
intolerable,
intolerablely,
intolerance,
intoxicate,
intractable,
intransigence,
intransigent,
intrude,
intrusion,
intrusive,
inundate,
inundated,
invader,
invalid,
invalidate,
invalidity,
invasive,
invective,
inveigle,
invidious,
invidiously,
invidiousness,
invisible,
involuntarily,
involuntary,
irascible,
irate,
irately,
ire,
irk,
irked,
irking,
irks,
irksome,
irksomely,
irksomeness,
irksomenesses,
ironic,
ironical,
ironically,
ironies,
irony,
irragularity,
irrational,
irrationalities,
irrationality,
irrationally,
irrationals,
irreconcilable,
irrecoverable,
irrecoverableness,
irrecoverablenesses,
irrecoverably,
irredeemable,
irredeemably,
irreformable,
irregular,
irregularity,
irrelevance,
irrelevant,
irreparable,
irreplacible,
irrepressible,
irresolute,
irresolvable,
irresponsible,
irresponsibly,
irretating,
irretrievable,
irreversible,
irritable,
irritably,
irritant,
irritate,
irritated,
irritating,
irritation,
irritations,
isolate,
isolated,
isolation,
issue,
issues,
itch,
itching,
itchy,
jabber,
jaded,
jagged,
jam,
jarring,
jaundiced,
jealous,
jealously,
jealousness,
jealousy,
jeer,
jeering,
jeeringly,
jeers,
jeopardize,
jeopardy,
jerk,
jerky,
jitter,
jitters,
jittery,
job-killing,
jobless,
joke,
joker,
jolt,
judder,
juddering,
judders,
jumpy,
junk,
junky,
junkyard,
jutter,
jutters,
kaput,
kill,
killed,
killer,
killing,
killjoy,
kills,
knave,
knife,
knock,
knotted,
kook,
kooky,
lack,
lackadaisical,
lacked,
lackey,
lackeys,
lacking,
lackluster,
lacks,
laconic,
lag,
lagged,
lagging,
laggy,
lags,
laid-off,
lambast,
lambaste,
lame,
lame-duck,
lament,
lamentable,
lamentably,
languid,
languish,
languor,
languorous,
languorously,
lanky,
lapse,
lapsed,
lapses,
lascivious,
last-ditch,
latency,
laughable,
laughably,
laughingstock,
lawbreaker,
lawbreaking,
lawless,
lawlessness,
layoff,
layoff-happy,
lazy,
leak,
leakage,
leakages,
leaking,
leaks,
leaky,
lech,
lecher,
lecherous,
lechery,
leech,
leer,
leery,
left-leaning,
lemon,
lengthy,
less-developed,
lesser-known,
letch,
lethal,
lethargic,
lethargy,
lewd,
lewdly,
lewdness,
liability,
liable,
liar,
liars,
licentious,
licentiously,
licentiousness,
lie,
lied,
lier,
lies,
life-threatening,
lifeless,
limit,
limitation,
limitations,
limited,
limits,
limp,
listless,
litigious,
little-known,
livid,
lividly,
loath,
loathe,
loathing,
loathly,
loathsome,
loathsomely,
lone,
loneliness,
lonely,
loner,
lonesome,
long-time,
long-winded,
longing,
longingly,
loophole,
loopholes,
loose,
loot,
lorn,
lose,
loser,
losers,
loses,
losing,
loss,
losses,
lost,
loud,
louder,
lousy,
loveless,
lovelorn,
low-rated,
lowly,
ludicrous,
ludicrously,
lugubrious,
lukewarm,
lull,
lumpy,
lunatic,
lunaticism,
lurch,
lure,
lurid,
lurk,
lurking,
lying,
macabre,
mad,
madden,
maddening,
maddeningly,
madder,
madly,
madman,
madness,
maladjusted,
maladjustment,
malady,
malaise,
malcontent,
malcontented,
maledict,
malevolence,
malevolent,
malevolently,
malice,
malicious,
maliciously,
maliciousness,
malign,
malignant,
malodorous,
maltreatment,
mangle,
mangled,
mangles,
mangling,
mania,
maniac,
maniacal,
manic,
manipulate,
manipulation,
manipulative,
manipulators,
mar,
marginal,
marginally,
martyrdom,
martyrdom-seeking,
mashed,
massacre,
massacres,
matte,
mawkish,
mawkishly,
mawkishness,
meager,
meaningless,
meanness,
measly,
meddle,
meddlesome,
mediocre,
mediocrity,
melancholy,
melodramatic,
melodramatically,
meltdown,
menace,
menacing,
menacingly,
mendacious,
mendacity,
menial,
merciless,
mercilessly,
mess,
messed,
messes,
messing,
messy,
midget,
miff,
militancy,
mindless,
mindlessly,
mirage,
mire,
misalign,
misaligned,
misaligns,
misapprehend,
misbecome,
misbecoming,
misbegotten,
misbehave,
misbehavior,
miscalculate,
miscalculation,
miscellaneous,
mischief,
mischievous,
mischievously,
misconception,
misconceptions,
miscreant,
miscreants,
misdirection,
miser,
miserable,
miserableness,
miserably,
miseries,
miserly,
misery,
misfit,
misfortune,
misgiving,
misgivings,
misguidance,
misguide,
misguided,
mishandle,
mishap,
misinform,
misinformed,
misinterpret,
misjudge,
misjudgment,
mislead,
misleading,
misleadingly,
mislike,
mismanage,
mispronounce,
mispronounced,
mispronounces,
misread,
misreading,
misrepresent,
misrepresentation,
miss,
missed,
misses,
misstatement,
mist,
mistake,
mistaken,
mistakenly,
mistakes,
mistified,
mistress,
mistrust,
mistrustful,
mistrustfully,
mists,
misunderstand,
misunderstanding,
misunderstandings,
misunderstood,
misuse,
moan,
mobster,
mock,
mocked,
mockeries,
mockery,
mocking,
mockingly,
mocks,
molest,
molestation,
monotonous,
monotony,
monster,
monstrosities,
monstrosity,
monstrous,
monstrously,
moody,
moot,
mope,
morbid,
morbidly,
mordant,
mordantly,
moribund,
moron,
moronic,
morons,
mortification,
mortified,
mortify,
mortifying,
motionless,
motley,
mourn,
mourner,
mournful,
mournfully,
muddle,
muddy,
mudslinger,
mudslinging,
mulish,
multi-polarization,
mundane,
murder,
murderer,
murderous,
murderously,
murky,
muscle-flexing,
mushy,
musty,
mysterious,
mysteriously,
mystery,
mystify,
myth,
nag,
nagging,
naive,
naively,
narrower,
nastily,
nastiness,
nasty,
naughty,
nauseate,
nauseates,
nauseating,
nauseatingly,
na√Øve,
nebulous,
nebulously,
needless,
needlessly,
needy,
nefarious,
nefariously,
negate,
negation,
negative,
negatives,
negativity,
neglect,
neglected,
negligence,
negligent,
nemesis,
nepotism,
nervous,
nervously,
nervousness,
nettle,
nettlesome,
neurotic,
neurotically,
niggle,
niggles,
nightmare,
nightmarish,
nightmarishly,
nitpick,
nitpicking,
noise,
noises,
noisier,
noisy,
non-confidence,
nonexistent,
nonresponsive,
nonsense,
nosey,
notoriety,
notorious,
notoriously,
noxious,
nuisance,
numb,
obese,
object,
objection,
objectionable,
objections,
oblique,
obliterate,
obliterated,
oblivious,
obnoxious,
obnoxiously,
obscene,
obscenely,
obscenity,
obscure,
obscured,
obscures,
obscurity,
obsess,
obsessive,
obsessively,
obsessiveness,
obsolete,
obstacle,
obstinate,
obstinately,
obstruct,
obstructed,
obstructing,
obstruction,
obstructs,
obtrusive,
obtuse,
occlude,
occluded,
occludes,
occluding,
odd,
odder,
oddest,
oddities,
oddity,
oddly,
odor,
offence,
offend,
offender,
offending,
offenses,
offensive,
offensively,
offensiveness,
officious,
ominous,
ominously,
omission,
omit,
one-sided,
onerous,
onerously,
onslaught,
opinionated,
opponent,
opportunistic,
oppose,
opposition,
oppositions,
oppress,
oppression,
oppressive,
oppressively,
oppressiveness,
oppressors,
ordeal,
orphan,
ostracize,
outbreak,
outburst,
outbursts,
outcast,
outcry,
outlaw,
outmoded,
outrage,
outraged,
outrageous,
outrageously,
outrageousness,
outrages,
outsider,
over-acted,
over-awe,
over-balanced,
over-hyped,
over-priced,
over-valuation,
overact,
overacted,
overawe,
overbalance,
overbalanced,
overbearing,
overbearingly,
overblown,
overdo,
overdone,
overdue,
overemphasize,
overheat,
overkill,
overloaded,
overlook,
overpaid,
overpayed,
overplay,
overpower,
overpriced,
overrated,
overreach,
overrun,
overshadow,
oversight,
oversights,
oversimplification,
oversimplified,
oversimplify,
oversize,
overstate,
overstated,
overstatement,
overstatements,
overstates,
overtaxed,
overthrow,
overthrows,
overturn,
overweight,
overwhelm,
overwhelmed,
overwhelming,
overwhelmingly,
overwhelms,
overzealous,
overzealously,
overzelous,
pain,
painful,
painfull,
painfully,
pains,
pale,
pales,
paltry,
pan,
pandemonium,
pander,
pandering,
panders,
panic,
panick,
panicked,
panicking,
panicky,
paradoxical,
paradoxically,
paralize,
paralyzed,
paranoia,
paranoid,
parasite,
pariah,
parody,
partiality,
partisan,
partisans,
passe,
passive,
passiveness,
pathetic,
pathetically,
patronize,
paucity,
pauper,
paupers,
payback,
peculiar,
peculiarly,
pedantic,
peeled,
peeve,
peeved,
peevish,
peevishly,
penalize,
penalty,
perfidious,
perfidity,
perfunctory,
peril,
perilous,
perilously,
perish,
pernicious,
perplex,
perplexed,
perplexing,
perplexity,
persecute,
persecution,
pertinacious,
pertinaciously,
pertinacity,
perturb,
perturbed,
pervasive,
perverse,
perversely,
perversion,
perversity,
pervert,
perverted,
perverts,
pessimism,
pessimistic,
pessimistically,
pest,
pestilent,
petrified,
petrify,
pettifog,
petty,
phobia,
phobic,
phony,
picket,
picketed,
picketing,
pickets,
picky,
pig,
pigs,
pillage,
pillory,
pimple,
pinch,
pique,
pitiable,
pitiful,
pitifully,
pitiless,
pitilessly,
pittance,
pity,
plagiarize,
plague,
plasticky,
plaything,
plea,
pleas,
plebeian,
plight,
plot,
plotters,
ploy,
plunder,
plunderer,
pointless,
pointlessly,
poison,
poisonous,
poisonously,
pokey,
poky,
polarisation,
polemize,
pollute,
polluter,
polluters,
polution,
pompous,
poor,
poorer,
poorest,
poorly,
posturing,
pout,
poverty,
powerless,
prate,
pratfall,
prattle,
precarious,
precariously,
precipitate,
precipitous,
predatory,
predicament,
prejudge,
prejudice,
prejudices,
prejudicial,
premeditated,
preoccupy,
preposterous,
preposterously,
presumptuous,
presumptuously,
pretence,
pretend,
pretense,
pretentious,
pretentiously,
prevaricate,
pricey,
pricier,
prick,
prickle,
prickles,
prideful,
prik,
primitive,
prison,
prisoner,
problem,
problematic,
problems,
procrastinate,
procrastinates,
procrastination,
profane,
profanity,
prohibit,
prohibitive,
prohibitively,
propaganda,
propagandize,
proprietary,
prosecute,
protest,
protested,
protesting,
protests,
protracted,
provocation,
provocative,
provoke,
pry,
pugnacious,
pugnaciously,
pugnacity,
punch,
punish,
punishable,
punitive,
punk,
puny,
puppet,
puppets,
puzzled,
puzzlement,
puzzling,
quack,
qualm,
qualms,
quandary,
quarrel,
quarrellous,
quarrellously,
quarrels,
quarrelsome,
quash,
queer,
questionable,
quibble,
quibbles,
quitter,
rabid,
racism,
racist,
racists,
racy,
radical,
radicalization,
radically,
radicals,
rage,
ragged,
raging,
rail,
raked,
rampage,
rampant,
ramshackle,
rancor,
randomly,
rankle,
rant,
ranted,
ranting,
rantingly,
rants,
rape,
raped,
raping,
rascal,
rascals,
rash,
rattle,
rattled,
rattles,
ravage,
raving,
reactionary,
rebellious,
rebuff,
rebuke,
recalcitrant,
recant,
recession,
recessionary,
reckless,
recklessly,
recklessness,
recoil,
recourses,
redundancy,
redundant,
refusal,
refuse,
refused,
refuses,
refusing,
refutation,
refute,
refuted,
refutes,
refuting,
regress,
regression,
regressive,
regret,
regreted,
regretful,
regretfully,
regrets,
regrettable,
regrettably,
regretted,
reject,
rejected,
rejecting,
rejection,
rejects,
relapse,
relentless,
relentlessly,
relentlessness,
reluctance,
reluctant,
reluctantly,
remorse,
remorseful,
remorsefully,
remorseless,
remorselessly,
remorselessness,
renounce,
renunciation,
repel,
repetitive,
reprehensible,
reprehensibly,
reprehension,
reprehensive,
repress,
repression,
repressive,
reprimand,
reproach,
reproachful,
reprove,
reprovingly,
repudiate,
repudiation,
repugn,
repugnance,
repugnant,
repugnantly,
repulse,
repulsed,
repulsing,
repulsive,
repulsively,
repulsiveness,
resent,
resentful,
resentment,
resignation,
resigned,
resistance,
restless,
restlessness,
restrict,
restricted,
restriction,
restrictive,
resurgent,
retaliate,
retaliatory,
retard,
retarded,
retardedness,
retards,
reticent,
retract,
retreat,
retreated,
revenge,
revengeful,
revengefully,
revert,
revile,
reviled,
revoke,
revolt,
revolting,
revoltingly,
revulsion,
revulsive,
rhapsodize,
rhetoric,
rhetorical,
ricer,
ridicule,
ridicules,
ridiculous,
ridiculously,
rife,
rift,
rifts,
rigid,
rigidity,
rigidness,
rile,
riled,
rip,
rip-off,
ripoff,
ripped,
risk,
risks,
risky,
rival,
rivalry,
roadblocks,
rocky,
rogue,
rollercoaster,
rot,
rotten,
rough,
rremediable,
rubbish,
rude,
rue,
ruffian,
ruffle,
ruin,
ruined,
ruining,
ruinous,
ruins,
rumbling,
rumor,
rumors,
rumours,
rumple,
run-down,
runaway,
rupture,
rust,
rusts,
rusty,
rut,
ruthless,
ruthlessly,
ruthlessness,
ruts,
sabotage,
sack,
sacrificed,
sad,
sadden,
sadly,
sadness,
sag,
sagged,
sagging,
saggy,
sags,
salacious,
sanctimonious,
sap,
sarcasm,
sarcastic,
sarcastically,
sardonic,
sardonically,
sass,
satirical,
satirize,
savage,
savaged,
savagery,
savages,
scaly,
scam,
scams,
scandal,
scandalize,
scandalized,
scandalous,
scandalously,
scandals,
scandel,
scandels,
scant,
scapegoat,
scar,
scarce,
scarcely,
scarcity,
scare,
scared,
scarier,
scariest,
scarily,
scarred,
scars,
scary,
scathing,
scathingly,
sceptical,
scoff,
scoffingly,
scold,
scolded,
scolding,
scoldingly,
scorching,
scorchingly,
scorn,
scornful,
scornfully,
scoundrel,
scourge,
scowl,
scramble,
scrambled,
scrambles,
scrambling,
scrap,
scratch,
scratched,
scratches,
scratchy,
scream,
screech,
screw-up,
screwed,
screwed-up,
screwy,
scuff,
scuffs,
scum,
scummy,
second-class,
second-tier,
secretive,
sedentary,
seedy,
seethe,
seething,
self-coup,
self-criticism,
self-defeating,
self-destructive,
self-humiliation,
self-interest,
self-interested,
self-serving,
selfinterested,
selfish,
selfishly,
selfishness,
semi-retarded,
senile,
sensationalize,
senseless,
senselessly,
seriousness,
sermonize,
servitude,
set-up,
setback,
setbacks,
sever,
severe,
severity,
sh*t,
shabby,
shadowy,
shady,
shake,
shaky,
shallow,
sham,
shambles,
shame,
shameful,
shamefully,
shamefulness,
shameless,
shamelessly,
shamelessness,
shark,
sharply,
shatter,
shemale,
shimmer,
shimmy,
shipwreck,
shirk,
shirker,
shit,
shiver,
shock,
shocked,
shocking,
shockingly,
shoddy,
short-lived,
shortage,
shortchange,
shortcoming,
shortcomings,
shortness,
shortsighted,
shortsightedness,
showdown,
shrew,
shriek,
shrill,
shrilly,
shrivel,
shroud,
shrouded,
shrug,
shun,
shunned,
sick,
sicken,
sickening,
sickeningly,
sickly,
sickness,
sidetrack,
sidetracked,
siege,
sillily,
silly,
simplistic,
simplistically,
sin,
sinful,
sinfully,
sinister,
sinisterly,
sink,
sinking,
skeletons,
skeptic,
skeptical,
skeptically,
skepticism,
sketchy,
skimpy,
skinny,
skittish,
skittishly,
skulk,
slack,
slander,
slanderer,
slanderous,
slanderously,
slanders,
slap,
slashing,
slaughter,
slaughtered,
slave,
slaves,
sleazy,
slime,
slog,
slogged,
slogging,
slogs,
sloooooooooooooow,
sloooow,
slooow,
sloow,
sloppily,
sloppy,
sloth,
slothful,
slow,
slow-moving,
slowed,
slower,
slowest,
slowly,
sloww,
slowww,
slowwww,
slug,
sluggish,
slump,
slumping,
slumpping,
slur,
slut,
sluts,
sly,
smack,
smallish,
smash,
smear,
smell,
smelled,
smelling,
smells,
smelly,
smelt,
smoke,
smokescreen,
smolder,
smoldering,
smother,
smoulder,
smouldering,
smudge,
smudged,
smudges,
smudging,
smug,
smugly,
smut,
smuttier,
smuttiest,
smutty,
snag,
snagged,
snagging,
snags,
snappish,
snappishly,
snare,
snarky,
snarl,
sneak,
sneakily,
sneaky,
sneer,
sneering,
sneeringly,
snob,
snobbish,
snobby,
snobish,
snobs,
snub,
so-cal,
soapy,
sob,
sober,
sobering,
solemn,
solicitude,
somber,
sore,
sorely,
soreness,
sorrow,
sorrowful,
sorrowfully,
sorry,
sour,
sourly,
spade,
spank,
spendy,
spew,
spewed,
spewing,
spews,
spilling,
spinster,
spiritless,
spite,
spiteful,
spitefully,
spitefulness,
splatter,
split,
splitting,
spoil,
spoilage,
spoilages,
spoiled,
spoilled,
spoils,
spook,
spookier,
spookiest,
spookily,
spooky,
spoon-fed,
spoon-feed,
spoonfed,
sporadic,
spotty,
spurious,
spurn,
sputter,
squabble,
squabbling,
squander,
squash,
squeak,
squeaks,
squeaky,
squeal,
squealing,
squeals,
squirm,
stab,
stagnant,
stagnate,
stagnation,
staid,
stain,
stains,
stale,
stalemate,
stall,
stalls,
stammer,
stampede,
standstill,
stark,
starkly,
startle,
startling,
startlingly,
starvation,
starve,
static,
steal,
stealing,
steals,
steep,
steeply,
stench,
stereotype,
stereotypical,
stereotypically,
stern,
stew,
sticky,
stiff,
stiffness,
stifle,
stifling,
stiflingly,
stigma,
stigmatize,
sting,
stinging,
stingingly,
stingy,
stink,
stinks,
stodgy,
stole,
stolen,
stooge,
stooges,
stormy,
straggle,
straggler,
strain,
strained,
straining,
strange,
strangely,
stranger,
strangest,
strangle,
streaky,
strenuous,
stress,
stresses,
stressful,
stressfully,
stricken,
strict,
strictly,
strident,
stridently,
strife,
strike,
stringent,
stringently,
struck,
struggle,
struggled,
struggles,
struggling,
strut,
stubborn,
stubbornly,
stubbornness,
stuck,
stuffy,
stumble,
stumbled,
stumbles,
stump,
stumped,
stumps,
stun,
stunt,
stunted,
stupid,
stupidest,
stupidity,
stupidly,
stupified,
stupify,
stupor,
stutter,
stuttered,
stuttering,
stutters,
sty,
stymied,
sub-par,
subdued,
subjected,
subjection,
subjugate,
subjugation,
submissive,
subordinate,
subpoena,
subpoenas,
subservience,
subservient,
substandard,
subtract,
subversion,
subversive,
subversively,
subvert,
succumb,
suck,
sucked,
sucker,
sucks,
sucky,
sue,
sued,
sueing,
sues,
suffer,
suffered,
sufferer,
sufferers,
suffering,
suffers,
suffocate,
sugar-coat,
sugar-coated,
sugarcoated,
suicidal,
suicide,
sulk,
sullen,
sully,
sunder,
sunk,
sunken,
superficial,
superficiality,
superficially,
superfluous,
superstition,
superstitious,
suppress,
suppression,
surrender,
susceptible,
suspect,
suspicion,
suspicions,
suspicious,
suspiciously,
swagger,
swamped,
sweaty,
swelled,
swelling,
swindle,
swipe,
swollen,
symptom,
symptoms,
syndrome,
taboo,
tacky,
taint,
tainted,
tamper,
tangle,
tangled,
tangles,
tank,
tanked,
tanks,
tantrum,
tardy,
tarnish,
tarnished,
tarnishes,
tarnishing,
tattered,
taunt,
taunting,
tauntingly,
taunts,
taut,
tawdry,
taxing,
tease,
teasingly,
tedious,
tediously,
temerity,
temper,
tempest,
temptation,
tenderness,
tense,
tension,
tentative,
tentatively,
tenuous,
tenuously,
tepid,
terrible,
terribleness,
terribly,
terror,
terror-genic,
terrorism,
terrorize,
testily,
testy,
tetchily,
tetchy,
thankless,
thicker,
thirst,
thorny,
thoughtless,
thoughtlessly,
thoughtlessness,
thrash,
threat,
threaten,
threatening,
threats,
threesome,
throb,
throbbed,
throbbing,
throbs,
throttle,
thug,
thumb-down,
thumbs-down,
thwart,
time-consuming,
timid,
timidity,
timidly,
timidness,
tin-y,
tingled,
tingling,
tired,
tiresome,
tiring,
tiringly,
toil,
toll,
top-heavy,
topple,
torment,
tormented,
torrent,
tortuous,
torture,
tortured,
tortures,
torturing,
torturous,
torturously,
totalitarian,
touchy,
toughness,
tout,
touted,
touts,
toxic,
traduce,
tragedy,
tragic,
tragically,
traitor,
traitorous,
traitorously,
tramp,
trample,
transgress,
transgression,
trap,
traped,
trapped,
trash,
trashed,
trashy,
trauma,
traumatic,
traumatically,
traumatize,
traumatized,
travesties,
travesty,
treacherous,
treacherously,
treachery,
treason,
treasonous,
trick,
tricked,
trickery,
tricky,
trivial,
trivialize,
trouble,
troubled,
troublemaker,
troubles,
troublesome,
troublesomely,
troubling,
troublingly,
truant,
tumble,
tumbled,
tumbles,
tumultuous,
turbulent,
turmoil,
twist,
twisted,
twists,
two-faced,
two-faces,
tyrannical,
tyrannically,
tyranny,
tyrant,
ugh,
uglier,
ugliest,
ugliness,
ugly,
ulterior,
ultimatum,
ultimatums,
ultra-hardline,
un-viewable,
unable,
unacceptable,
unacceptablely,
unacceptably,
unaccessible,
unaccustomed,
unachievable,
unaffordable,
unappealing,
unattractive,
unauthentic,
unavailable,
unavoidably,
unbearable,
unbearablely,
unbelievable,
unbelievably,
uncaring,
uncertain,
uncivil,
uncivilized,
unclean,
unclear,
uncollectible,
uncomfortable,
uncomfortably,
uncomfy,
uncompetitive,
uncompromising,
uncompromisingly,
unconfirmed,
unconstitutional,
uncontrolled,
unconvincing,
unconvincingly,
uncooperative,
uncouth,
uncreative,
undecided,
undefined,
undependability,
undependable,
undercut,
undercuts,
undercutting,
underdog,
underestimate,
underlings,
undermine,
undermined,
undermines,
undermining,
underpaid,
underpowered,
undersized,
undesirable,
undetermined,
undid,
undignified,
undissolved,
undocumented,
undone,
undue,
unease,
uneasily,
uneasiness,
uneasy,
uneconomical,
unemployed,
unequal,
unethical,
uneven,
uneventful,
unexpected,
unexpectedly,
unexplained,
unfairly,
unfaithful,
unfaithfully,
unfamiliar,
unfavorable,
unfeeling,
unfinished,
unfit,
unforeseen,
unforgiving,
unfortunate,
unfortunately,
unfounded,
unfriendly,
unfulfilled,
unfunded,
ungovernable,
ungrateful,
unhappily,
unhappiness,
unhappy,
unhealthy,
unhelpful,
unilateralism,
unimaginable,
unimaginably,
unimportant,
uninformed,
uninsured,
unintelligible,
unintelligile,
unipolar,
unjust,
unjustifiable,
unjustifiably,
unjustified,
unjustly,
unkind,
unkindly,
unknown,
unlamentable,
unlamentably,
unlawful,
unlawfully,
unlawfulness,
unleash,
unlicensed,
unlikely,
unlucky,
unmoved,
unnatural,
unnaturally,
unnecessary,
unneeded,
unnerve,
unnerved,
unnerving,
unnervingly,
unnoticed,
unobserved,
unorthodox,
unorthodoxy,
unpleasant,
unpleasantries,
unpopular,
unpredictable,
unprepared,
unproductive,
unprofitable,
unprove,
unproved,
unproven,
unproves,
unproving,
unqualified,
unravel,
unraveled,
unreachable,
unreadable,
unrealistic,
unreasonable,
unreasonably,
unrelenting,
unrelentingly,
unreliability,
unreliable,
unresolved,
unresponsive,
unrest,
unruly,
unsafe,
unsatisfactory,
unsavory,
unscrupulous,
unscrupulously,
unsecure,
unseemly,
unsettle,
unsettled,
unsettling,
unsettlingly,
unskilled,
unsophisticated,
unsound,
unspeakable,
unspeakablely,
unspecified,
unstable,
unsteadily,
unsteadiness,
unsteady,
unsuccessful,
unsuccessfully,
unsupported,
unsupportive,
unsure,
unsuspecting,
unsustainable,
untenable,
untested,
unthinkable,
unthinkably,
untimely,
untouched,
untrue,
untrustworthy,
untruthful,
unusable,
unusably,
unuseable,
unuseably,
unusual,
unusually,
unviewable,
unwanted,
unwarranted,
unwatchable,
unwelcome,
unwell,
unwieldy,
unwilling,
unwillingly,
unwillingness,
unwise,
unwisely,
unworkable,
unworthy,
unyielding,
upbraid,
upheaval,
uprising,
uproar,
uproarious,
uproariously,
uproarous,
uproarously,
uproot,
upset,
upseting,
upsets,
upsetting,
upsettingly,
urgent,
useless,
usurp,
usurper,
utterly,
vagrant,
vague,
vagueness,
vain,
vainly,
vanity,
vehement,
vehemently,
vengeance,
vengeful,
vengefully,
vengefulness,
venom,
venomous,
venomously,
vent,
vestiges,
vex,
vexation,
vexing,
vexingly,
vibrate,
vibrated,
vibrates,
vibrating,
vibration,
vice,
vicious,
viciously,
viciousness,
victimize,
vile,
vileness,
vilify,
villainous,
villainously,
villains,
villian,
villianous,
villianously,
villify,
vindictive,
vindictively,
vindictiveness,
violate,
violation,
violator,
violators,
violent,
violently,
viper,
virulence,
virulent,
virulently,
virus,
vociferous,
vociferously,
volatile,
volatility,
vomit,
vomited,
vomiting,
vomits,
vulgar,
vulnerable,
wack,
wail,
wallow,
wane,
waning,
wanton,
war-like,
warily,
wariness,
warlike,
warned,
warning,
warp,
warped,
wary,
washed-out,
waste,
wasted,
wasteful,
wastefulness,
wasting,
water-down,
watered-down,
wayward,
weak,
weaken,
weakening,
weaker,
weakness,
weaknesses,
weariness,
wearisome,
weary,
wedge,
weed,
weep,
weird,
weirdly,
wheedle,
whimper,
whine,
whining,
whiny,
whips,
whore,
whores,
wicked,
wickedly,
wickedness,
wild,
wildly,
wiles,
wilt,
wily,
wimpy,
wince,
wobble,
wobbled,
wobbles,
woe,
woebegone,
woeful,
woefully,
womanizer,
womanizing,
worn,
worried,
worriedly,
worrier,
worries,
worrisome,
worry,
worrying,
worryingly,
worse,
worsen,
worsening,
worst,
worthless,
worthlessly,
worthlessness,
wound,
wounds,
wrangle,
wrath,
wreak,
wreaked,
wreaks,
wreck,
wrest,
wrestle,
wretch,
wretched,
wretchedly,
wretchedness,
wrinkle,
wrinkled,
wrinkles,
wrip,
wripped,
wripping,
writhe,
wrong,
wrongful,
wrongly,
wrought,
yawn,
zap,
zapped,
zaps,
zealot,
zealous,
zealously,
zombie,
